date,year,stage,homeTeam,awayTeam,homeGoals,awayGoals,winner,venue
2018-06-14,2018,Group,Russia,Saudi Arabia,5,0,Russia,
2018-06-15,2018,Group,Egypt,Uruguay,0,1,Uruguay,
2018-06-16,2018,Group,Portugal,Spain,3,3,Draw,
2014-07-13,2014,Final,Germany,Argentina,1,0,Germany,
2014-07-08,2014,Semi,Argentina,Netherlands,0,0,Argentina,
2010-07-11,2010,Final,Spain,Netherlands,1,0,Spain,
2022-12-18,2022,Final,Argentina,France,3,3,Argentina,
2026-11-20,2026,Group,United States,Germany,0,0,,TBD
2026-11-21,2026,Group,Brazil,Spain,0,0,,TBD
